hackathon_url,num_submission
https://hackuci2020.devpost.com/,91
https://mchacks7.devpost.com/,69
https://hoya-hacks-2020.devpost.com/,40
https://hacksc-2020.devpost.com/,128
https://swamphacks-vi.devpost.com/,116
https://hack-for-the-world.devpost.com/,14
https://royalhackawayv3.devpost.com/,22
https://gridshift.devpost.com/,15
https://enactushacks.devpost.com/,20
https://conuhacks2020.devpost.com/,125
https://tamuhack2020.devpost.com/,142
https://minnehack2020.devpost.com/,55
https://qwerhacks2020.devpost.com/,22
https://hackatbrown2020.devpost.com/,42
https://deltahacks6.devpost.com/,158
https://boilermake-vii.devpost.com/,88
https://phoenixhacks2020.devpost.com/,13
https://pixelhacks-iv.devpost.com/,21
https://cuhackit2020.devpost.com/,41
https://manmethacks2020.devpost.com/,30
https://ksu-fashion-tech-hack-2020.devpost.com/,36
https://hackatown2020.devpost.com/,44
https://el-paso-hacks.devpost.com/,17
https://hackdavis2020.devpost.com/,110
https://starterhacks-2020.devpost.com/,120
https://troy-hack.devpost.com/,23
https://bchacks2020.devpost.com/,36
https://hack-cambridge-101.devpost.com/,76
https://uofthacksvii.devpost.com/,70
https://cruzhacks-2020.devpost.com/,64
https://hack-wpi-2020.devpost.com/,33
https://h-a-r-d-hack-2020.devpost.com/,21
https://rose-hack-2020.devpost.com/,34
https://hacknroll2020.devpost.com/,135
https://womxnhacks-2-0.devpost.com/,28
https://hackmcwics.devpost.com/,24
https://nwhacks2020.devpost.com/,145
https://ideahacks2020.devpost.com/,37
https://hacked-2020.devpost.com/,74
https://cuhacking2020.devpost.com/,106
https://oceanprotocol.devpost.com/,26
https://sb-hacks-vi.devpost.com/,67
https://shehacks4.devpost.com/,62
https://bullyhack-2020.devpost.com/,25
https://mcit-online-winter-2020.devpost.com/,16
https://cornhacks-2020.devpost.com/,27
https://tfworld.devpost.com/,66
https://ethio-hacks-7th-series.devpost.com/,8
https://blockstack-evil3.devpost.com/,28
https://hackthehammer2.devpost.com/,39
https://hackhershey-2019.devpost.com/,28
https://honeycomb.devpost.com/,16
https://disruptberlin2019.devpost.com/,54
https://stratisplatform.devpost.com/,13
https://fintech.devpost.com/,122
https://build.devpost.com/,102
https://isbhacks2019.devpost.com/,22
https://kic-hackathon.devpost.com/,14
https://re-invent-2019-tech-for-good.devpost.com/,25
https://ubclhd19.devpost.com/,55
https://hackwestern6.devpost.com/,92
https://hackkings6.devpost.com/,19
https://hackeps2019.devpost.com/,18
https://frontierhacks.devpost.com/,19
https://hackatum19.devpost.com/,121
https://pachacks2019.devpost.com/,7
https://durhack2019.devpost.com/,46
https://qbhacks.devpost.com/,7
https://bostonhacks-2019.devpost.com/,78
https://strike.devpost.com/,34
https://lauzhack-4-0.devpost.com/,53
https://codejam2019.devpost.com/,39
https://capitol-hackathon-nov-2019.devpost.com/,28
https://oxford-hack-2019.devpost.com/,55
https://lehman-hacks19.devpost.com/,30
https://inventathonhcc.devpost.com/,9
https://greatunihack19.devpost.com/,36
https://uganda-zoohackathon-2019.devpost.com/,13
https://slohacksgo.devpost.com/,16
https://yb-hackathon.devpost.com/,16
https://zoohackathon-manila-2019.devpost.com/,8
https://alexaisp.devpost.com/,211
https://technica2019.devpost.com/,144
https://ethwaterloo2.devpost.com/,65
https://hackutd-vi.devpost.com/,110
https://thli-fall-2019.devpost.com/,54
https://th19.devpost.com/,42
https://hack-kstate-2019.devpost.com/,65
https://hackprinceton-f19.devpost.com/,52
https://kolkata-zoohackathon-2019.devpost.com/,12
https://cutiehack2019.devpost.com/,29
https://codestellation2019.devpost.com/,28
https://abbey-road-hackathon.devpost.com/,19
https://san-diego-zoohackathon-2019.devpost.com/,12
https://terrible-hack-xiv.devpost.com/,18
https://hacknjit2019.devpost.com/,61
https://hacksussex-2019.devpost.com/,21
https://hackholyoke-2019.devpost.com/,28
https://hacktams2019.devpost.com/,7
https://gt-coc-appathon-2019.devpost.com/,9
https://hacknotts-2019.devpost.com/,33
https://fbsfhackathon2019.devpost.com/,27
https://whack-fall-2019.devpost.com/,20
https://defi-hackathon.devpost.com/,56
https://hacktx19.devpost.com/,85
https://zihack9.devpost.com/,12
https://hackphs-2019.devpost.com/,58
https://mcgill-physics-hackathon-2019.devpost.com/,32
https://astonhack2019.devpost.com/,17
https://hackrpi-fall2019.devpost.com/,57
https://squirrelhacks.devpost.com/,48
https://hack-gsu-fall-2019-8869.devpost.com/,42
https://vandyhacksvi.devpost.com/,88
https://ec-hacks-iv.devpost.com/,18
https://hackduke-2019.devpost.com/,66
https://ubhacking2019.devpost.com/,84
https://skyhack.devpost.com/,32
https://hs5.devpost.com/,37
https://opportunity-hack-san-jose-2019.devpost.com/,26
https://fbchicagohackathon2019.devpost.com/,22
https://hackwitus-2019.devpost.com/,12
https://kyber.devpost.com/,41
https://yhack2019.devpost.com/,147
https://hackgt2019.devpost.com/,218
https://sd-hacks-2019.devpost.com/,143
https://cal-hacks-6.devpost.com/,221
https://hack-brunel.devpost.com/,10
https://hacktober19.devpost.com/,19
https://devfest-gdg-algiers-2k19.devpost.com/,17
https://hackthemidlands4.devpost.com/,47
https://madhacks-2019.devpost.com/,52
https://zoohackathon-2019-alexandria.devpost.com/,27
https://alexadevcommunitycontest.devpost.com/,149
https://twitchdevjam.devpost.com/,34
https://hackharvard2019.devpost.com/,82
https://diffusion2019.devpost.com/,44
https://emtechhack.devpost.com/,15
https://healthplusplus19.devpost.com/,46
https://demonhacks-2019.devpost.com/,30
https://hackru-f19.devpost.com/,95
https://patriothacks2019.devpost.com/,38
https://fbnyhackathon2019.devpost.com/,27
https://cunyhackathon2019.devpost.com/,45
https://hackfsu6.devpost.com/,27
https://opportunity-hack-2019-arizona.devpost.com/,21
https://hacknc2019.devpost.com/,89
https://kinchallenge.devpost.com/,27
https://mhacks12.devpost.com/,81
https://dubhacks19f.devpost.com/,142
https://iothackday2019.devpost.com/,19
https://hackupc2019.devpost.com/,127
https://intuitionv6.devpost.com/,42
https://autumnhacks.devpost.com/,40
https://devfest-19-jeddah.devpost.com/,23
https://hackuiowa-2019.devpost.com/,36
https://pitt-challenge.devpost.com/,32
https://adahacks2019.devpost.com/,17
https://algothon-2019.devpost.com/,32
https://att5ghack.devpost.com/,44
https://hakron4k.devpost.com/,22
https://divhacks2019.devpost.com/,9
https://the-golden-hack.devpost.com/,15
https://hacktheu-2019.devpost.com/,42
https://mobihacks-citopia.devpost.com/,7
https://disruptsf2019.devpost.com/,74
https://hackuta.devpost.com/,37
https://implementai-2019.devpost.com/,27
https://volhacks-iv.devpost.com/,53
https://twitchcon-hackathon-2019.devpost.com/,35
https://hackumbcfall2019.devpost.com/,55
https://girlhacks2019.devpost.com/,19
https://medhacks-2019.devpost.com/,58
https://codelinc.devpost.com/,15
https://globalgraphhack.devpost.com/,17
https://khe2019.devpost.com/,39
https://shark-hack-2019.devpost.com/,8
https://pyghack2019.devpost.com/,25
https://ki-hacks-2.devpost.com/,10
https://shellhacks-2019.devpost.com/,61
https://elevate-tech-jam-2019.devpost.com/,77
https://brhfa19.devpost.com/,59
https://sunhacks-2019.devpost.com/,43
https://omnihacks19.devpost.com/,35
https://sbuhacks2019.devpost.com/,60
https://hackrice-9.devpost.com/,48
https://hackhsn.devpost.com/,14
https://hackny-f2019.devpost.com/,33
https://wyohackathon2019.devpost.com/,30
https://developercircles2019.devpost.com/,267
https://bu-spark-freshman-mini-hack.devpost.com/,6
https://hackthenorth2019.devpost.com/,320
https://hackmit-2019.devpost.com/,211
https://hello-world-2019.devpost.com/,48
https://pytorch.devpost.com/,74
https://junctionxkaust2019.devpost.com/,33
https://hophacks-fall-2019.devpost.com/,44
https://azureai.devpost.com/,69
https://ethboston.devpost.com/,55
https://torus4everyone2019.devpost.com/,16
https://howdyhack2019.devpost.com/,42
https://pennapps-xx.devpost.com/,242
https://alexa-skills-madrid-life-hacks.devpost.com/,8
https://citizenhacks.devpost.com/,26
https://hackinghunger.devpost.com/,3
https://blockstack-evil2.devpost.com/,58
https://uon-grand-challenge-2019.devpost.com/,16
https://hackmty-2019.devpost.com/,82
https://zwei.devpost.com/,88
https://hack-the-6ix-2019.devpost.com/,80
https://bbb2019.devpost.com/,16
https://cryptochicks2019bahamas.devpost.com/,11
https://expo-hacks-ii.devpost.com/,9
https://syncshack.devpost.com/,21
https://violet-hacks-2019.devpost.com/,25
https://pytorchmpk.devpost.com/,13
https://web-hack-2019.devpost.com/,3
https://cscodefest.devpost.com/,9
https://btnghackathon2019.devpost.com/,14
https://hackthejourney.devpost.com/,19
https://uipath2019.devpost.com/,70
https://shecodes-hackathon2019.devpost.com/,18
https://hackmobility-2019.devpost.com/,26
https://agorartc2019.devpost.com/,15
https://blockstack.devpost.com/,59
https://fastcampus-school-schoolhack.devpost.com/,12
https://enghack-2019.devpost.com/,39
https://tohacks2019.devpost.com/,46
https://decentralized-web.devpost.com/,11
https://humanitarian-hackathon-w-wwf.devpost.com/,7
https://harrisburghacks.devpost.com/,8
https://bitcoingames2019.devpost.com/,57
https://2019astropreneurshiphackathon.devpost.com/,4
https://hack-coworking-london.devpost.com/,18
https://uwenergyhacks.devpost.com/,31
https://cryptochicks2019toronto.devpost.com/,22
https://vietnam-smart-energy-hackathon.devpost.com/,17
https://ethereummadrid.devpost.com/,10
https://teenhacks-li-spring-2019.devpost.com/,53
https://devc-mombasa.devpost.com/,14
https://hackhpi2019.devpost.com/,18
https://ethnewyork.devpost.com/,64
https://houstonhackathon2019.devpost.com/,20
https://fusionone.devpost.com/,24
https://offthegrid-hackathon.devpost.com/,19
https://biohack-phage.devpost.com/,24
https://hackdelft-2019.devpost.com/,19
https://tensorflow.devpost.com/,64
https://hacktival.devpost.com/,21
https://2019-philly-codefest.devpost.com/,58
https://jamhacks-3.devpost.com/,25
https://gitvan2019.devpost.com/,22
https://f82019.devpost.com/,42
https://hackprague-2019.devpost.com/,27
https://pchacks19.devpost.com/,33
https://hackxr-2019.devpost.com/,18
https://mongodbworld19.devpost.com/,75
https://earthxhack19.devpost.com/,25
https://rocket-build-community-2019.devpost.com/,13
https://hack-at-lynn-2019.devpost.com/,6
https://citrushack2019.devpost.com/,34
https://stanhacks.devpost.com/,6
https://sharkhack2019.devpost.com/,14
https://iothon2019.devpost.com/,27
https://awseducate.devpost.com/,37
https://dragonhacks-2019.devpost.com/,36
https://beachhacks.devpost.com/,65
https://hacktams.devpost.com/,6
https://appian2019.devpost.com/,37
https://ethcapetown.devpost.com/,33
https://bitcamp2019.devpost.com/,145
https://def-hacks-seattle-2019.devpost.com/,26
https://hack-cupertino-2019.devpost.com/,30
https://packhacks-8003.devpost.com/,39
https://rowdyhacks2019.devpost.com/,36
https://hth3.devpost.com/,17
https://hacksc2019.devpost.com/,96
https://athena.devpost.com/,21
https://attshapehackathon.devpost.com/,52
https://rs-hackathon-2019.devpost.com/,13
https://y-combinator-april-2019.devpost.com/,72
https://hackacm.devpost.com/,12
https://hackcarleton.devpost.com/,8
https://swe-hacks19.devpost.com/,23
https://datahack-2019.devpost.com/,18
https://athenahacks2019.devpost.com/,74
https://hacktj2019.devpost.com/,133
https://hackxx-2019.devpost.com/,47
https://hackattack-2019.devpost.com/,20
https://minervahackathon.devpost.com/,30
https://copenhacks2019.devpost.com/,29
https://hackmhs-vi.devpost.com/,18
https://bmcchackathon19.devpost.com/,18
https://hack-upstate-xiii.devpost.com/,14
https://hacknarok3.devpost.com/,22
https://hackdartmouthv.devpost.com/,47
https://hackunt2019.devpost.com/,27
https://auhack19.devpost.com/,36
https://matadorhacks.devpost.com/,22
https://picnic.devpost.com/,34
https://hack-houston-2019.devpost.com/,19
https://cryptochicks-2019-karachi.devpost.com/,9
https://oktane19-hackathon.devpost.com/,22
https://nycmaritimehackathon19.devpost.com/,8
https://la-hacks.devpost.com/,163
https://slash-hackathon.devpost.com/,20
https://hackgsu-spring-2019.devpost.com/,45
https://hackmed19.devpost.com/,15
https://hackkosice-2019.devpost.com/,43
https://hack-puebla-2019.devpost.com/,41
https://linghacks2.devpost.com/,29
https://hawkhack.devpost.com/,27
https://cathacks5.devpost.com/,15
https://viterbihackathon2019.devpost.com/,3
https://t-mobilec2chack19.devpost.com/,22
https://hacksb-2019.devpost.com/,29
https://wics-hack-to-the-future-7695.devpost.com/,16
https://mvhacks2.devpost.com/,35
https://wolfhacks2019.devpost.com/,25
https://losaltoshacks4.devpost.com/,85
https://hackabull-2019.devpost.com/,44
https://crimsonhacks.devpost.com/,35
https://hackntu.devpost.com/,33
https://techtogetherboston19.devpost.com/,108
https://sixth-baltimore-hackathon.devpost.com/,16
https://newhacks.devpost.com/,20
https://cypher.devpost.com/,25
https://hackital-smart-cities.devpost.com/,14
https://hackwcu.devpost.com/,24
https://hackathon-pintar.devpost.com/,85
https://owlhacks-2019.devpost.com/,15
https://ki-hacks.devpost.com/,14
https://hackrpi-2019.devpost.com/,53
https://hacktheburgh2019.devpost.com/,51
https://covhack19.devpost.com/,16
https://shehacks3.devpost.com/,53
https://bh3.devpost.com/,16
https://unihack2019.devpost.com/,29
https://uc-hacks.devpost.com/,8
https://masseyhacks5.devpost.com/,38
https://lfghacks-2019.devpost.com/,24
https://hackover2019.devpost.com/,17
https://sxswhackathon2019.devpost.com/,32
https://ethuoft2019.devpost.com/,10
https://ethparis.devpost.com/,44
https://hackru-s19.devpost.com/,75
https://hackqc2019.devpost.com/,16
https://hacklassonde.devpost.com/,40
https://start-hack-2019.devpost.com/,63
https://hack-health-2019.devpost.com/,16
https://profhacks2019.devpost.com/,27
https://terriblehack-xiii.devpost.com/,43
https://ehacks-2019.devpost.com/,19
https://2019cmd-f.devpost.com/,30
https://ic-health-hack-19.devpost.com/,22
https://baseball-hack-day-2019.devpost.com/,46
https://sfhacks.devpost.com/,61
https://cbhack.devpost.com/,17
https://oddutahack.devpost.com/,4
https://knxhx.devpost.com/,20
https://wichacks2019.devpost.com/,36
https://hacktech2019.devpost.com/,81
https://revuc-viii.devpost.com/,66
https://hackdhi.devpost.com/,38
https://pickhacks.devpost.com/,64
https://hoohacks.devpost.com/,103
https://hackittogether.devpost.com/,26
https://hackmerced-2019.devpost.com/,34
https://knight-hacks-2019.devpost.com/,77
https://marihacks2019.devpost.com/,19
https://pioneerhacks2.devpost.com/,40
https://shshacks-7749.devpost.com/,30
https://makemit2019.devpost.com/,34
https://buildgt-2019.devpost.com/,41
https://equals-equals.devpost.com/,9
https://hack-for-humanity-2019.devpost.com/,37
https://call-of-data.devpost.com/,21
https://hackillinois2019.devpost.com/,71
https://hackcuv.devpost.com/,109
https://twitchdev.devpost.com/,53
https://hackutd2019.devpost.com/,108
https://brown-datathon-2019.devpost.com/,34
https://hackfresno-2019.devpost.com/,11
https://wrc-hackathon.devpost.com/,18
https://crimsoncode2019.devpost.com/,36
https://gdg-devfest-uwm-2019.devpost.com/,9
https://stacshack5.devpost.com/,15
https://treehacks-2019.devpost.com/,181
https://hackuci2019.devpost.com/,76
https://hackdfw2019.devpost.com/,86
https://brickhackv.devpost.com/,130
https://pearlhacks2019.devpost.com/,51
https://hacknyu2019.devpost.com/,104
https://makeuoft2019.devpost.com/,56
https://uscblockathon.devpost.com/,14
https://hoth6.devpost.com/,21
https://hackcwru-6.devpost.com/,41
https://cuhacking-2019.devpost.com/,62
https://hack-cewit-2019.devpost.com/,31
https://hophacks-spring-2019.devpost.com/,36
https://duckhacks-hackathon-2019.devpost.com/,35
https://uncommonhacks2019.devpost.com/,37
https://vthacksvi.devpost.com/,61
https://tlabshackbarcelona.devpost.com/,6
https://calgaryhacks-2019.devpost.com/,35
https://hackdavis2019.devpost.com/,79
https://r-u-hacking-2019.devpost.com/,20
https://zeisshack2019.devpost.com/,14
https://hackku.devpost.com/,36
https://uottahack2019.devpost.com/,68
https://lancerhacks-2019.devpost.com/,26
https://hacklahoma.devpost.com/,53
https://hackbu.devpost.com/,47
https://ugahacks4.devpost.com/,53
https://hackriddle4.devpost.com/,28
https://roslyn-code-overload.devpost.com/,12
https://hack-the-south-2019.devpost.com/,19
https://hacknyu-nyush.devpost.com/,5
https://hack-socal.devpost.com/,12
https://makeharvard2019.devpost.com/,71
https://mchacks6.devpost.com/,91
https://mangohacks.devpost.com/,46
https://slohacks2019.devpost.com/,59
https://auburnhacks-2019.devpost.com/,33
https://pennapps-xix.devpost.com/,28
https://agco-accelerator-hackathon.devpost.com/,14
https://hacksmu.devpost.com/,14
https://minnehack-2019.devpost.com/,52
https://reboothack-2019.devpost.com/,13
https://t9hacks-spring2019.devpost.com/,11
https://royal-hackaway-v2.devpost.com/,25
https://hackville2019.devpost.com/,23
https://systemshacks2019.devpost.com/,21
https://tamuhack2019.devpost.com/,136
https://nwhacks2019.devpost.com/,133
https://conuhacks2019.devpost.com/,125
https://deltahacks5.devpost.com/,104
https://ic-hack-19.devpost.com/,77
https://cuhackit2019.devpost.com/,56
https://earthhacks2019.devpost.com/,22
https://pixelhacks3.devpost.com/,44
https://womxn-hacks.devpost.com/,24
https://fashion-tech-hackathon.devpost.com/,30
https://alexamultimodal.devpost.com/,344
https://schwackathon-2019.devpost.com/,7
https://hackcambridge4d.devpost.com/,68
https://hackatown-2019.devpost.com/,57
https://rv2019.devpost.com/,97
https://cruzhacks-2019.devpost.com/,88
https://hacknroll2019.devpost.com/,134
https://uofthacksvi.devpost.com/,102
https://spartahackv.devpost.com/,62
https://hackfree-2019.devpost.com/,21
https://swamphacks-v.devpost.com/,95
https://polyhacks2019.devpost.com/,10
https://hacked2019.devpost.com/,46
https://cornhacks-2019.devpost.com/,24
https://nsbehacks-uoft.devpost.com/,19
https://starterhacks2019.devpost.com/,121
https://mobihacks.devpost.com/,23
https://sbhacksv.devpost.com/,86
https://amazonsumerian.devpost.com/,70
https://hack-the-map-3.devpost.com/,8
https://hackregina-winter-2019.devpost.com/,6
https://isbhacks2018.devpost.com/,26
https://agora-holidayhack.devpost.com/,24
https://agora.devpost.com/,12
https://ethsingapore.devpost.com/,44
https://hackhershey.devpost.com/,21
https://uhack-2018.devpost.com/,15
https://mlh-local-hack-day-2018.devpost.com/,369
https://alphahacks-18.devpost.com/,6
https://capitol360-hackathon.devpost.com/,20
https://game-gig-2018.devpost.com/,17
https://rowan-local-hack-day.devpost.com/,8
https://utsclhd.devpost.com/,13
https://claremont-local-hack-day.devpost.com/,7
https://cse-lhd-2018.devpost.com/,12
https://kadhack2018.devpost.com/,11
https://hackwestern5.devpost.com/,90
https://awsnpohack2018.devpost.com/,25
https://lauzhack2018.devpost.com/,67
https://big-earth-water-hackathon-2018.devpost.com/,10
https://oxford-hack.devpost.com/,41
https://techfugees-australia-2018.devpost.com/,8
https://stackathon.devpost.com/,7
https://notts18.devpost.com/,25
https://codejam2018.devpost.com/,37
https://blockhackfall2018.devpost.com/,15
https://smartcountry-hacks.devpost.com/,12
https://smhacks2.devpost.com/,17
https://durhack2018.devpost.com/,31
https://hackedbeta2018.devpost.com/,14
https://hackatum18.devpost.com/,83
https://hoth5.devpost.com/,24
https://lehman-hacks.devpost.com/,28
https://hackprinceton-f18.devpost.com/,67
https://megahack-cluj.devpost.com/,11
https://sunhacks2018.devpost.com/,36
https://technica2018.devpost.com/,110
https://greatunihack.devpost.com/,51
https://cutiehack2018.devpost.com/,37
https://hackwitus-2018.devpost.com/,13
https://codestellation2018.devpost.com/,20
https://bostonhacks-f2018.devpost.com/,93
https://hacksodacity.devpost.com/,7
https://hacksussex-2018.devpost.com/,22
https://hackeps2018.devpost.com/,18
https://awsai.devpost.com/,50
https://aurora.devpost.com/,23
https://whack2018.devpost.com/,33
https://vandyhacksv.devpost.com/,97
https://hacktheirl.devpost.com/,16
https://hackthemidlands3.devpost.com/,40
https://health-2018.devpost.com/,19
https://jacobshack2018.devpost.com/,35
https://echacks2018.devpost.com/,26
https://hack-mohawk-valley-fall-2018.devpost.com/,9
https://zihack8.devpost.com/,20
https://hackholyoke2018.devpost.com/,27
https://utrahacks-2018.devpost.com/,28
https://5c-hackathon-fall-2018.devpost.com/,20
https://pegasys.devpost.com/,6
https://hackattack2018.devpost.com/,45
https://hs4.devpost.com/,44
https://tmohacktober2018.devpost.com/,21
https://icims-hackathon-18.devpost.com/,49
https://hackmoscow2.devpost.com/,56
https://hack4no2018.devpost.com/,13
https://twitchcon-hackathon-2018.devpost.com/,14
https://devfest-algiers-2018.devpost.com/,16
https://naijahacks2018.devpost.com/,61
https://ubhacking2018.devpost.com/,62
https://hackupc2018.devpost.com/,128
https://hackbi.devpost.com/,32
https://iothackday2018.devpost.com/,22
https://hackharvard2018.devpost.com/,103
https://dubhacks18f.devpost.com/,72
https://hackgt2018.devpost.com/,189
https://hacktx18.devpost.com/,86
https://brhfa18.devpost.com/,52
https://hshacks-iv.devpost.com/,49
https://hackisu-x-fall-2018.devpost.com/,63
https://opportunity-hack-2018-arizona.devpost.com/,27
https://algothon-2018.devpost.com/,34
https://boilermake-vi.devpost.com/,81
https://hackumbc-f18.devpost.com/,49
https://deeptech-ai.devpost.com/,13
https://hack-k-state-2018.devpost.com/,37
https://ehd2018joy.devpost.com/,5
https://proptech.devpost.com/,44
https://mhacks11.devpost.com/,112
https://hackduke-2018.devpost.com/,75
https://uoftblockfest.devpost.com/,9
https://unesco-hackathon.devpost.com/,24
https://intuitionv5.devpost.com/,53
https://sdhacks2018.devpost.com/,109
https://paypalhack-atl.devpost.com/,9
https://digitize.devpost.com/,13
https://globalhack7.devpost.com/,92
https://junctionxhanoi.devpost.com/,38
https://patriothacks.devpost.com/,33
https://ethsanfrancisco.devpost.com/,121
https://hackru-f18.devpost.com/,62
https://hfhutd18.devpost.com/,12
https://serverlessrepo.devpost.com/,42
https://hackpsu-fall-2018.devpost.com/,84
https://hacknc2018.devpost.com/,57
https://hackgsu-fall-2018.devpost.com/,42
https://hackuta2018.devpost.com/,48
https://destinohack.devpost.com/,11
https://appzworld.devpost.com/,20
https://pyghack2018.devpost.com/,15
https://hackny-f2018.devpost.com/,42
https://junctionxkaust2018.devpost.com/,19
https://volhacks3.devpost.com/,70
https://sutdwth18.devpost.com/,21
https://hackday-iii.devpost.com/,6
https://grizzhacks3.devpost.com/,40
https://gamechangers.devpost.com/,3
https://ramhacks2018.devpost.com/,62
https://impacthack.devpost.com/,12
https://megahack.devpost.com/,11
https://grow-up-cannabis-hackathon.devpost.com/,7
https://seattle-vr-hackathon-2018.devpost.com/,24
https://hackthenorth2018.devpost.com/,245
https://alexatechforgood.devpost.com/,202
https://hackmit-2018.devpost.com/,176
https://shellhacks-2018.devpost.com/,65
https://hyconhacks-kr.devpost.com/,26
https://sbuhacks.devpost.com/,43
https://thegrandhack.devpost.com/,6
https://helloworld2k18.devpost.com/,40
https://cincyhacks2018.devpost.com/,19
https://pennapps-xviii.devpost.com/,202
https://beaverhacks-fall-18.devpost.com/,10
https://medhacks-2018.devpost.com/,90
https://xdhax.devpost.com/,16
https://ca-water-data-hacks.devpost.com/,6
https://adahacks.devpost.com/,18
https://bytehacks2018.devpost.com/,34
https://odhack-hk-2018.devpost.com/,22
https://smart-energy-hackathon.devpost.com/,13
https://uipath.devpost.com/,137
https://wyominghackathon.devpost.com/,30
https://hackthe6ix2018.devpost.com/,65
https://genomelink2.devpost.com/,24
https://nushhack.devpost.com/,15
https://bvg-hackathon-2018.devpost.com/,19
https://hackalong.devpost.com/,20
https://socialgoodhack.devpost.com/,28
https://officehack4.devpost.com/,24
https://buidl-boston-online.devpost.com/,12
https://unihack2018syd.devpost.com/,38
https://azurehacks.devpost.com/,34
https://girls-in-tech-h4h-2018.devpost.com/,22
https://disruptsf2018.devpost.com/,123
https://adrenalan.devpost.com/,16
https://unihack2018mel.devpost.com/,34
https://mtsi2018.devpost.com/,15
https://sohacks5.devpost.com/,36
https://devcommunitychallenge.devpost.com/,229
https://leapfrog-hack.devpost.com/,7
https://spectra2.devpost.com/,15
https://ihm-hackathon-2018.devpost.com/,8
https://thegoodidea.devpost.com/,12
https://hackboard.devpost.com/,4
https://ht6-ws-workshop.devpost.com/,9
https://hackprague-2018.devpost.com/,23
https://2018astropreneurshiphackathon.devpost.com/,1
https://stuyhacksvi.devpost.com/,30
https://docusign2018.devpost.com/,13
https://solartis-insure-hackathon.devpost.com/,22
https://media-hackday-2018.devpost.com/,14
https://hackaburg18.devpost.com/,29
https://enghack2018.devpost.com/,32
https://tohacks2018.devpost.com/,25
https://svhacks-6444.devpost.com/,14
https://capitol360-hackathon-6634.devpost.com/,19
https://dapphack.devpost.com/,9
https://expo-hacks-6620.devpost.com/,25
https://houstonhackathon2018.devpost.com/,19
https://hacksurreybeta.devpost.com/,8
https://consensus2018-blockchain.devpost.com/,33
https://equithon2018.devpost.com/,42
https://hackqc.devpost.com/,23
https://hackf8.devpost.com/,53
https://sfhack2018.devpost.com/,33
https://hackau-2018.devpost.com/,20
https://alexalifehacks.devpost.com/,382
https://cutc18.devpost.com/,8
https://cuny-spring-hackathon-2018.devpost.com/,46
https://studenthackvi.devpost.com/,34
https://hackumbc-s18.devpost.com/,27
https://brhsp18.devpost.com/,15
https://masseyhacks4.devpost.com/,34
https://hackfresno18.devpost.com/,18
https://bullhacks2.devpost.com/,12
https://hackja-.devpost.com/,9
https://hackit.devpost.com/,9
https://attappchallenge.devpost.com/,76
https://citrushack2018.devpost.com/,57
https://beachhacks-3.devpost.com/,29
https://tinohacks2.devpost.com/,28
https://immhealthhack2018.devpost.com/,8
https://hackcsu2018.devpost.com/,7
https://t-mobile-iothack.devpost.com/,14
https://hackru-s18.devpost.com/,59
https://palyhacks2018.devpost.com/,14
https://montyhacks-ii.devpost.com/,22
https://broncohack2018.devpost.com/,15
https://hackmoscow.devpost.com/,48
https://packhacks.devpost.com/,19
https://sjhacksorg.devpost.com/,16
https://xbuild18.devpost.com/,19
https://seatgeek-20th-hackathon.devpost.com/,7
https://hack-cupertino-2018-6466.devpost.com/,28
https://phillycodefest2018.devpost.com/,58
https://hackmhsv.devpost.com/,15
https://buildher2018.devpost.com/,15
https://crimsonhacks2018.devpost.com/,29
https://auhack18.devpost.com/,40
https://hackdartmouthiv.devpost.com/,46
https://hackoverflow-2018.devpost.com/,9
https://hack-upstate-xi.devpost.com/,16
https://suncode2018.devpost.com/,22
https://perkinshacks-6304.devpost.com/,22
https://hackgvsu.devpost.com/,14
https://hackgc.devpost.com/,6
https://kleinhacks.devpost.com/,29
https://hackxx-2018.devpost.com/,19
https://texasdatahack.devpost.com/,12
https://philadelphiamuseum.devpost.com/,8
https://bitcamp2018.devpost.com/,172
https://hackpsu-s2018.devpost.com/,75
https://madhacks-mini.devpost.com/,18
https://hackunt2018.devpost.com/,15
https://cathacks4.devpost.com/,19
https://hackny-s2018.devpost.com/,28
https://opentravel.devpost.com/,7
https://cryptochickshackathon-6426.devpost.com/,19
https://created-april-2018.devpost.com/,22
https://hackroboy4.devpost.com/,8
https://linghacks18.devpost.com/,27
https://cornhacks2018.devpost.com/,7
https://la-hacks-2018.devpost.com/,162
https://cuhacking-2018.devpost.com/,37
https://hackprinceton-spr18.devpost.com/,69
https://ethiohacks4thseries.devpost.com/,6
https://dw-codecamp.devpost.com/,14
https://healthhackstl2018.devpost.com/,21
https://losaltoshacks3.devpost.com/,86
https://hackisu-ix-spring-2018-6348.devpost.com/,44
https://shehacks2.devpost.com/,33
https://ethuoft.devpost.com/,15
https://duckhacks-2018-6350.devpost.com/,12
https://hack-iot-2018.devpost.com/,11
https://hackbordeaux2018.devpost.com/,30
https://tribehacks-iv.devpost.com/,17
https://hacknyu2018.devpost.com/,80
https://hackgsu-spring-2018.devpost.com/,41
https://hackuva2018.devpost.com/,84
https://junctiontokyo2018.devpost.com/,26
https://opencodes.devpost.com/,17
https://singlehack.devpost.com/,12
https://baseballhackday-2018.devpost.com/,35
https://earthhacks2018.devpost.com/,15
https://ichealthhack18.devpost.com/,11
https://mitbitcoinhack.devpost.com/,30
https://pioneerhacks.devpost.com/,28
https://wolfhacks.devpost.com/,24
https://atomhacks-iv.devpost.com/,18
https://iot-hack.devpost.com/,18
https://menlohacks-iii.devpost.com/,35
https://sxswhackathon2018.devpost.com/,26
https://hackuvic-18w.devpost.com/,15
https://hacktj2018.devpost.com/,105
https://hacknarok.devpost.com/,20
https://cuhackit-2018.devpost.com/,22
https://buildgt-2018.devpost.com/,22
https://hacktheburgh2018.devpost.com/,33
https://vhacks18.devpost.com/,21
https://womenwhohack.devpost.com/,8
https://discover-blockchain-codeathon.devpost.com/,10
https://superposition2.devpost.com/,33
https://revuc-vii.devpost.com/,51
https://hacktech2018.devpost.com/,77
https://ehacks-2018.devpost.com/,22
https://browndatathon.devpost.com/,20
https://disrupt-the-district-2018.devpost.com/,31
https://cchackathon-getamoveon.devpost.com/,13
https://hackcu4.devpost.com/,91
https://hackutd18.devpost.com/,82
https://hackxr.devpost.com/,19
https://hackillinois-2018.devpost.com/,94
https://makecu.devpost.com/,12
https://athenahacks2018.devpost.com/,53
https://hacktcnj-2018.devpost.com/,26
https://wwh2018.devpost.com/,11
https://makemit2018.devpost.com/,44
https://hack-for-humanity-2018.devpost.com/,15
https://hackacm-2018.devpost.com/,16
https://genomelink.devpost.com/,19
https://columbia-devfest-2018.devpost.com/,30
https://hackcity18.devpost.com/,27
https://ethdenver.devpost.com/,131
https://treehacks-2018.devpost.com/,115
https://hackcwru-v.devpost.com/,40
https://hophacks-spring-2018.devpost.com/,37
https://hackatcewit18.devpost.com/,33
https://hardwarehack2.devpost.com/,21
https://dandyhacks2018.devpost.com/,33
https://blueprint2018.devpost.com/,34
https://profhacks18.devpost.com/,29
https://anvil-hack-iv-6211.devpost.com/,23
https://steelhacks2018.devpost.com/,33
https://budatathon2018.devpost.com/,15
https://gitvan2018.devpost.com/,13
https://bcgamejam2018.devpost.com/,37
https://marihacks-2018.devpost.com/,31
https://hackbu2018s.devpost.com/,33
https://t9hacks-spring2018.devpost.com/,10
https://uncommonhacks2018.devpost.com/,53
https://wichacks2018.devpost.com/,37
https://pearlhacks2018.devpost.com/,49
https://hoth4.devpost.com/,28
https://vthacks-v.devpost.com/,53
https://hackuci2018.devpost.com/,73
https://qhacks2018.devpost.com/,73
https://hackthehammer.devpost.com/,29
https://hackathon2018-space-place.devpost.com/,23
https://mchacks2018.devpost.com/,88
https://makeharvard.devpost.com/,37
https://mangohacks2018.devpost.com/,62
https://hackpoly-2018.devpost.com/,45
https://pittchallenge.devpost.com/,20
https://slohacks.devpost.com/,37
https://femmehacks-2018.devpost.com/,28
https://hackhealth-2018-6046.devpost.com/,20
https://idhack18.devpost.com/,12
https://tamuhack2018.devpost.com/,103
https://shehacksboston.devpost.com/,94
https://hacknroll2018.devpost.com/,105
https://conuhacks2018.devpost.com/,111
https://brickhack4.devpost.com/,94
https://pixelhacks2.devpost.com/,29
https://hackatbrown2018.devpost.com/,73
https://sheinnovates18.devpost.com/,19
https://fth2018.devpost.com/,33
https://hoya-hacks-spring-2018.devpost.com/,44
https://cchackathon-makeadiff.devpost.com/,18
https://hack-the-map-2.devpost.com/,14
https://awsdeeplens.devpost.com/,25
https://hackdavis2018.devpost.com/,113
https://uofthacksv.devpost.com/,77
https://sbhacksiv.devpost.com/,72
https://hackatown2018.devpost.com/,61
https://imaginehack-2018.devpost.com/,16
https://pennapps-xvii.devpost.com/,156
https://spartahackiv.devpost.com/,56
https://swamphacks-iv.devpost.com/,82
https://nwhacks2018.devpost.com/,115
https://cruzhacks2018.devpost.com/,88
https://wcef-crypto-hackathon.devpost.com/,52
https://agathon.devpost.com/,10
https://dragonhacks2018.devpost.com/,43
https://alexakidskills.devpost.com/,470
https://ringcentral.devpost.com/,12
https://royal-hackaway.devpost.com/,18
https://hackmcst3.devpost.com/,19
https://office365hack3.devpost.com/,54
https://uhack2017.devpost.com/,29
https://yhack2017.devpost.com/,270
https://wecode-2017.devpost.com/,15
https://utscryersonlocalhackday.devpost.com/,14
https://disruptberlin2017.devpost.com/,45
https://ua-acm-local-hack-day-5889.devpost.com/,14
https://lhdswat-2017.devpost.com/,9
https://stuyhacks2017.devpost.com/,38
https://hackdaygmu2017.devpost.com/,10
https://local-hack-day-uoit.devpost.com/,13
https://cihacks2017.devpost.com/,10
https://hackyouroffice.devpost.com/,26
https://hackiot17.devpost.com/,9
https://cues-arm-hackathon-2017.devpost.com/,16
https://blairhacks-0.devpost.com/,14
https://junction2017.devpost.com/,318
https://local-hack-day-at-uva-5886.devpost.com/,3
https://hackedbeta.devpost.com/,22
https://2017circles.devpost.com/,148
https://hack-the-hill-2017.devpost.com/,13
https://codejam.devpost.com/,34
https://fit-space-hackathon-5832.devpost.com/,6
https://tech-for-tyler-hack.devpost.com/,12
https://hackwestern4.devpost.com/,106
https://alphahacks2017.devpost.com/,6
https://tecmihacks.devpost.com/,14
https://terriblehack-x.devpost.com/,22
https://greatunihack17.devpost.com/,45
https://codestellation-2017.devpost.com/,8
https://cuny-hackathonfall2017.devpost.com/,52
https://lauzhack2017.devpost.com/,72
https://scarlethacks2017.devpost.com/,45
https://hackriddle2017.devpost.com/,42
https://venture-hacks-purple.devpost.com/,6
https://hackprinceton-fall17.devpost.com/,119
https://hackital2017.devpost.com/,52
https://hackathonusp-smart-cities.devpost.com/,12
https://astonhack2017.devpost.com/,34
https://hoth3.devpost.com/,19
https://nshackathon.devpost.com/,27
https://hackumass-v.devpost.com/,104
https://technica2017.devpost.com/,67
https://cincyhacks.devpost.com/,23
https://hackgsu-fall-2017.devpost.com/,32
https://hacknc2017.devpost.com/,61
https://echacks2017.devpost.com/,47
https://codered-exploration.devpost.com/,33
https://huskiehack2017.devpost.com/,36
https://healthtech-2017.devpost.com/,20
https://dash-2017.devpost.com/,31
https://wildhacks2017.devpost.com/,34
https://firebird-hacks-5741.devpost.com/,12
https://ubhacking2017.devpost.com/,70
https://hackkstate17.devpost.com/,30
https://mini-hackathon.devpost.com/,9
https://first-year-hack-2017.devpost.com/,10
https://5chackathon2017fall.devpost.com/,23
https://demonhacks.devpost.com/,25
https://gunnhacks4.devpost.com/,33
https://archhacks2017.devpost.com/,65
https://volhacks2.devpost.com/,21
https://zihack7.devpost.com/,16
https://bostonhacks-f17.devpost.com/,50
https://codeathon-2017.devpost.com/,17
https://hacktx17.devpost.com/,88
https://hack4no2017.devpost.com/,21
https://hack-trash-nyc.devpost.com/,16
https://hack-ae-2017.devpost.com/,30
https://codeiot.devpost.com/,12
https://t-mobile-hacktober.devpost.com/,25
https://dubhacks17f.devpost.com/,105
https://thacks2.devpost.com/,81
https://vandyhacksiv.devpost.com/,71
https://sdhacks2017.devpost.com/,97
https://ethereal.devpost.com/,16
https://hackisu-viii.devpost.com/,71
https://hackharvard-2017.devpost.com/,112
https://mountain-view-hacks.devpost.com/,37
https://sidtechtalent.devpost.com/,14
https://healthplusplus2017.devpost.com/,35
https://hackbudapest2017.devpost.com/,16
https://twitchcon-hackathon-2017.devpost.com/,24
https://hack-human-hackathon.devpost.com/,1
https://hacknotts-2017-5711.devpost.com/,15
https://opportunity-hack-2017-arizona.devpost.com/,17
https://climathonsydney2017.devpost.com/,7
https://hackgt2017.devpost.com/,185
https://hackupc2017f.devpost.com/,129
https://wilhacks.devpost.com/,29
https://ethwaterloo.devpost.com/,72
https://hs3.devpost.com/,46
https://tigerhacks.devpost.com/,49
https://next36startupsprint.devpost.com/,7
https://hackru-f17.devpost.com/,53
https://hackny-f2017.devpost.com/,47
https://ucl-pixeljam.devpost.com/,15
https://sasehack17.devpost.com/,6
https://hackja.devpost.com/,16
https://arvr-hackathon-2017.devpost.com/,71
https://svc-healthhack.devpost.com/,10
https://madhacks-heartbleed.devpost.com/,39
https://calhacks4.devpost.com/,227
https://zoohackathon2017.devpost.com/,23
https://hacknau17.devpost.com/,8
https://khe2017.devpost.com/,35
https://hackumbc-f17.devpost.com/,51
https://knight-hacks-2017.devpost.com/,56
https://hackoa2017.devpost.com/,15
https://vistara-hackathon-delhi.devpost.com/,29
https://implementai.devpost.com/,16
https://shellhacks-2017.devpost.com/,38
https://hackmerced-2017f.devpost.com/,34
https://block-con-2017-hackathon-5467.devpost.com/,9
https://makers-hustle-harder-boston.devpost.com/,6
https://innohacks-2017.devpost.com/,14
https://hackuta2017.devpost.com/,44
https://trashhack2017.devpost.com/,9
https://sutdwth.devpost.com/,34
https://bim360hackathon.devpost.com/,13
https://mhacksx.devpost.com/,187
https://hackrice-7.devpost.com/,58
https://ub-localhackday-2017.devpost.com/,8
https://trojanhacks-2017.devpost.com/,15
https://distributed-health.devpost.com/,10
https://pyghack2017.devpost.com/,11
https://hackstate.devpost.com/,31
https://grizzhacks2.devpost.com/,32
https://hackthenorth2017.devpost.com/,218
https://hack101.devpost.com/,12
https://hack-for-the-sea.devpost.com/,3
https://seattle-vr-hackathon-6.devpost.com/,15
https://ramhacks2017.devpost.com/,38
https://disruptsf2017.devpost.com/,103
https://hophacks-fall-2017.devpost.com/,44
https://hackuiowa.devpost.com/,30
https://hackmit2017.devpost.com/,176
https://hello-world-2k17.devpost.com/,48
https://brh2017.devpost.com/,61
https://pennapps-xvi.devpost.com/,158
https://hakron2.devpost.com/,20
https://medhacks2017.devpost.com/,98
https://smartenergyhackathon.devpost.com/,16
https://mm-api-first-hackathon-sf.devpost.com/,10
https://summeracademy.devpost.com/,151
https://womencourage.devpost.com/,14
https://vantiv2017.devpost.com/,15
https://hackthe6ix17.devpost.com/,24
https://isbhacks2017.devpost.com/,28
https://cipherbonfire.devpost.com/,29
https://codegeist.devpost.com/,120
https://hackcincy17.devpost.com/,11
https://sohacks4.devpost.com/,43
https://c4tk-chicago-2017.devpost.com/,8
https://intelhacks.devpost.com/,91
https://inspirehacks.devpost.com/,28
https://ciscospark.devpost.com/,33
https://awschatbot2017.devpost.com/,197
https://girls-in-tech-sf-h4h.devpost.com/,25
https://coc2017.devpost.com/,25
https://ihmhackathon.devpost.com/,13
https://musichackdayberlin.devpost.com/,17
https://jamchester-2017.devpost.com/,39
https://mhacksnano.devpost.com/,54
https://hackttx.devpost.com/,9
https://ai-hackathon-nyc.devpost.com/,22
https://scsdhack.devpost.com/,10
https://holohack-nyc.devpost.com/,18
https://hackucii.devpost.com/,28
https://hackhpi2017.devpost.com/,21
https://hackprague-2017.devpost.com/,26
https://brilliantmanufacturing.devpost.com/,15
https://mindsmachinesberlin.devpost.com/,19
https://chimehack4.devpost.com/,50
https://superposition.devpost.com/,16
https://hackxx2017.devpost.com/,10
https://hacktm-2017.devpost.com/,59
https://mm-api-first-hackathon.devpost.com/,23
https://hacksbpl17.devpost.com/,10
https://hack-morelia.devpost.com/,18
https://makeschool.devpost.com/,135
https://consensus2017-blockchain.devpost.com/,21
https://expeditionhacksseattle2017.devpost.com/,11
https://houstonhackathon5.devpost.com/,24
https://stuyhacksiv.devpost.com/,27
https://enghack-s17.devpost.com/,32
https://disruptny2017.devpost.com/,88
https://cutc2017.devpost.com/,3
https://coding4txrmnhack.devpost.com/,16
https://alexa.devpost.com/,205
https://7hack2017.devpost.com/,15
https://whenhub.devpost.com/,28
https://hackdelft.devpost.com/,15
https://hackbordeaux.devpost.com/,20
https://un-women-refugees-1.devpost.com/,6
https://junctiontokyo17.devpost.com/,31
https://bostonhacks-s-2017.devpost.com/,33
https://innovate-good.devpost.com/,24
https://cuny-hackathon.devpost.com/,32
https://tech-for-inclusive-health-5065.devpost.com/,4
https://intra-net-reloaded.devpost.com/,4
https://earthack.devpost.com/,80
https://hackcu3.devpost.com/,53
https://beachhacks-2.devpost.com/,37
https://tbtnh.devpost.com/,5
https://hackaburg17.devpost.com/,13
https://copenhacks.devpost.com/,28
https://hack-src-2017.devpost.com/,7
https://hackru-sp17.devpost.com/,64
https://montyhacks-i.devpost.com/,23
https://hakron2017.devpost.com/,15
https://redesigningcandidateux.devpost.com/,11
https://tinohacks2017.devpost.com/,37
https://hamp-hack-2017.devpost.com/,38
https://hackcwru2017.devpost.com/,9
https://seattle-vr-hackathon-5-5073.devpost.com/,25
https://ru-mobile-iot-hackathon-5048.devpost.com/,4
https://revuc-vi.devpost.com/,39
https://athenahacks.devpost.com/,62
https://hackny-s2017.devpost.com/,38
https://hackpsu-spring2017.devpost.com/,51
https://bitcamp2017.devpost.com/,197
https://idhack2017.devpost.com/,19
https://dewahacks2017.devpost.com/,22
https://dwcodecamp.devpost.com/,17
https://suncode2017.devpost.com/,23
https://hack-cupertino.devpost.com/,23
https://buildher2017.devpost.com/,22
https://datasci-17.devpost.com/,11
https://rowdyhacks-2017.devpost.com/,6
https://carlhacksgivesback.devpost.com/,11
https://auhack17.devpost.com/,37
https://dragonhacks2017.devpost.com/,27
https://hackkean2017.devpost.com/,19
https://hackgsu-spring-2017.devpost.com/,43
https://hackprinceton-spr17.devpost.com/,67
https://lahacks2017.devpost.com/,158
https://tribehacks2017.devpost.com/,27
https://mlh-prime-europe.devpost.com/,45
https://mhacks9.devpost.com/,102
https://wearhackskw17.devpost.com/,20
https://crimsonhacks2017.devpost.com/,40
https://expeditionhacks-la-2017-4609.devpost.com/,10
https://msfthacks2017.devpost.com/,11
https://hshacks3.devpost.com/,108
https://hacktj2017.devpost.com/,81
https://duckhacks.devpost.com/,16
https://terriblehack6.devpost.com/,28
https://hackthetrico2017.devpost.com/,13
https://baseballhackday-2017.devpost.com/,20
https://brh-sp2017.devpost.com/,10
https://ehacks2017.devpost.com/,25
https://hackemory-v.devpost.com/,18
https://hacktheworldnewyork.devpost.com/,19
https://hu-hacks-2017.devpost.com/,19
https://ichealthhack.devpost.com/,8
https://nwhacks2017.devpost.com/,86
https://hackberry-pi-2017.devpost.com/,11
https://menlohacks-ii.devpost.com/,25
https://hacktheburgh2017.devpost.com/,20
https://videohackday3.devpost.com/,19
https://sxswhackathon.devpost.com/,23
https://schacks.devpost.com/,12
https://bullhacks.devpost.com/,15
https://studenthackv.devpost.com/,60
https://hack-puebla-2-0.devpost.com/,30
https://hackqc2017.devpost.com/,29
https://hackuvic-17w.devpost.com/,16
https://corehacks-2017s.devpost.com/,7
https://hacktech2017.devpost.com/,87
https://umslhack.devpost.com/,11
https://lewhacks.devpost.com/,17
https://gehealthcloud.devpost.com/,53
https://hackupc2017w.devpost.com/,98
https://stacshack-2017.devpost.com/,24
https://sbchack2017.devpost.com/,19
https://cuhacking2017.devpost.com/,30
https://ecmwf-opendatahack.devpost.com/,13
https://hackillinois-2017.devpost.com/,118
https://hackisu-s17.devpost.com/,84
https://warwickhack2017.devpost.com/,18
https://buildathon.devpost.com/,25
https://hacksmith2017.devpost.com/,14
https://mangohacks17.devpost.com/,43
https://wichacks2017.devpost.com/,36
https://t9hacks-spring-2017.devpost.com/,27
https://philly-codefest-2017.devpost.com/,36
https://deserthacks.devpost.com/,41
https://hackittogether-4437.devpost.com/,12
https://hackbu-2017s.devpost.com/,54
https://hacktcnj-2017.devpost.com/,20
https://dist-markets.devpost.com/,16
https://makemit-2017.devpost.com/,43
https://femmehacks-2017.devpost.com/,34
https://derbyhacks2.devpost.com/,26
https://calgaryhacks.devpost.com/,20
https://expeditionhacksrocketcity2017.devpost.com/,12
https://vh-red.devpost.com/,8
https://tryswift.devpost.com/,48
https://hacknyu2017.devpost.com/,88
https://hackatcewit.devpost.com/,20
https://dandyhacks2017.devpost.com/,31
https://treehacks-2017.devpost.com/,123
https://hophacks-spring-2017.devpost.com/,40
https://jayhacks-2017.devpost.com/,14
https://vthacks-iv.devpost.com/,29
https://hackysu2017.devpost.com/,27
https://hackpoly2017.devpost.com/,71
https://hackmerced2017.devpost.com/,46
https://stirhack17.devpost.com/,17
https://hackneu2017.devpost.com/,12
https://disrupt-the-district.devpost.com/,24
https://brickhack3.devpost.com/,99
https://tartanhacks2017.devpost.com/,48
https://pearlhacks2017.devpost.com/,44
https://hoth2.devpost.com/,33
https://steelhacks2017.devpost.com/,37
https://xxhacks.devpost.com/,24
https://profhacks17.devpost.com/,36
https://godetroit.devpost.com/,38
https://hackatbrown2017.devpost.com/,75
https://hackatown.devpost.com/,45
https://qhacks2017.devpost.com/,85
https://codeutsava.devpost.com/,35
https://losaltoshacks2.devpost.com/,61
https://hacktrin-iv.devpost.com/,8
https://hack-indore.devpost.com/,40
https://mchacks-2017.devpost.com/,97
https://recurse.devpost.com/,69
https://hackproductivity.devpost.com/,55
https://deltahacks3.devpost.com/,49
https://hacked2017.devpost.com/,41
https://mini-hack-jan2017.devpost.com/,6
https://fth2017.devpost.com/,27
https://spartahack2017.devpost.com/,112
https://hackdavis2017.devpost.com/,100
https://hacknroll2017.devpost.com/,96
https://pennapps-xv.devpost.com/,178
https://boilermake-iv.devpost.com/,106
https://sbhacksiii.devpost.com/,58
https://swamphacks2017.devpost.com/,81
https://imaginehack-2017.devpost.com/,21
https://hackucsc2017.devpost.com/,96
https://smhacks.devpost.com/,26
https://uncommonhacks2017.devpost.com/,47
https://hack-wpi-2017-4612.devpost.com/,21
https://hackvalley.devpost.com/,56
https://socialhacksnyc.devpost.com/,14
https://nexmo-pi.devpost.com/,3
https://hack-the-map.devpost.com/,9
https://porticode.devpost.com/,21
https://disrupteu2016.devpost.com/,63
https://cupertino-local-hack-day-2016.devpost.com/,14
https://holohack.devpost.com/,14
https://mobility-hacks.devpost.com/,27
https://cipherlhd.devpost.com/,20
https://swarthmore-local-hack-day-4516.devpost.com/,13
https://ciwinter2016hackathon.devpost.com/,22
https://ameren-ideahack.devpost.com/,8
https://hackriverdell.devpost.com/,22
https://junction2016.devpost.com/,294
https://breakinequality.devpost.com/,19
https://texastechlhd.devpost.com/,6
https://hackkings3.devpost.com/,33
https://stuyhacks.devpost.com/,15
https://spotless-hack-the-g.devpost.com/,10
https://hackduke-2016.devpost.com/,67
https://oxfordhack.devpost.com/,46
https://wildhacks2016.devpost.com/,85
https://lauzhack.devpost.com/,54
https://def-hacks-fall-2016.devpost.com/,15
https://nycbroadbanddatadig.devpost.com/,4
https://theladyhacks.devpost.com/,21
https://tech-in-agriculture-kaduna.devpost.com/,17
https://airberlin.devpost.com/,26
https://vandyhacks3.devpost.com/,90
https://hackprinceton-fall16.devpost.com/,95
https://hackital.devpost.com/,21
https://calhacks3.devpost.com/,226
https://hack112.devpost.com/,38
https://mlh-prime-southwest.devpost.com/,66
https://globalarchiactjam6.devpost.com/,11
https://mxhacksiv.devpost.com/,20
https://yhack2016.devpost.com/,150
https://hackrpi2016.devpost.com/,60
https://hackatum.devpost.com/,41
https://opportunity-hack-2016-chennai.devpost.com/,15
https://expeditionhacks-nyc-4255.devpost.com/,16
https://gunnhacks3.devpost.com/,30
https://hacktheu.devpost.com/,33
https://hackinghealth.devpost.com/,37
https://we-code-hackathon-2016.devpost.com/,14
https://code-one-omaha-4258.devpost.com/,13
https://hh2016.devpost.com/,30
https://hack-ae-2016.devpost.com/,34
https://technica2016.devpost.com/,66
https://archhacks.devpost.com/,122
https://hacknjit2016.devpost.com/,24
https://gt-aerohacks.devpost.com/,20
https://hoyahacks16.devpost.com/,38
https://devilsinvent.devpost.com/,11
https://astonhack2016.devpost.com/,23
https://electriccityhacks.devpost.com/,48
https://hackholyoke-iv.devpost.com/,42
https://hackathonusp-egov.devpost.com/,9
https://python-hackathon.devpost.com/,9
https://hackpsu-fall2016.devpost.com/,52
https://hacknc-2016.devpost.com/,77
https://build-a-farmer-s-future-4150.devpost.com/,27
https://cues-hackathon-2016.devpost.com/,19
https://hoth.devpost.com/,21
https://autodeskforge.devpost.com/,31
https://zihack6.devpost.com/,15
https://enghack-fall-2016-4390.devpost.com/,17
https://hack4no2016.devpost.com/,26
https://inventyu.devpost.com/,14
https://brumhack5.devpost.com/,31
https://hackai16.devpost.com/,18
https://hackcoparmex.devpost.com/,25
https://c4tkglobal2016.devpost.com/,31
https://hackru-fall2016.devpost.com/,45
https://hophacks-fall-2016.devpost.com/,40
https://hackharvard2016.devpost.com/,93
https://mia-game-jam.devpost.com/,11
https://hackgsu-fall16.devpost.com/,48
https://globalhack6.devpost.com/,156
https://hacktx16.devpost.com/,58
https://hackbajio-e-gov.devpost.com/,27
https://cuny-hackathon-2016.devpost.com/,28
https://glasshacks-2016.devpost.com/,10
https://hackriddle.devpost.com/,32
https://hackrice-6.devpost.com/,50
https://dubhacks16f.devpost.com/,88
https://jacobshack-2016.devpost.com/,23
https://hackwestern3.devpost.com/,92
https://music-hackday-berlin.devpost.com/,16
https://quackcon.devpost.com/,25
https://hacksheffield2.devpost.com/,32
https://codestellation-2016.devpost.com/,15
https://destination-hack-singapore.devpost.com/,26
https://ycphacks2016.devpost.com/,19
https://cleantech-hackathon.devpost.com/,14
https://mhacks8.devpost.com/,220
https://revolutionuc1.devpost.com/,31
https://iothackday2016.devpost.com/,20
https://hackupc2016f.devpost.com/,91
https://hackumass-iv.devpost.com/,92
https://bigdata.devpost.com/,26
https://hackny-f2016.devpost.com/,30
https://botathon1.devpost.com/,12
https://intuition.devpost.com/,23
https://khe2016.devpost.com/,43
https://porterhack.devpost.com/,10
https://hack-the-bubble.devpost.com/,13
https://code4cabs.devpost.com/,33
https://hackpr-2016.devpost.com/,38
https://hello-world.devpost.com/,28
https://dist-health.devpost.com/,17
https://volhacks.devpost.com/,30
https://sdhacks2016.devpost.com/,99
https://huskyhacks2.devpost.com/,24
https://tamuhack-2016.devpost.com/,77
https://hackthemidlands.devpost.com/,25
https://whack2016.devpost.com/,18
https://smartwatercity.devpost.com/,6
https://hackumbcf16.devpost.com/,71
https://2016hackjam.devpost.com/,21
https://awschatbot.devpost.com/,62
https://svcc-opportunity-hack.devpost.com/,31
https://medhacks2016.devpost.com/,46
https://hackgt2016.devpost.com/,174
https://hackdartmouth3.devpost.com/,21
https://openshift.devpost.com/,38
https://opportunity-hack-arizona-2016.devpost.com/,18
https://hacc.devpost.com/,27
https://predixindiahackathon.devpost.com/,10
https://techweek.devpost.com/,7
https://hackthenorth2016.devpost.com/,224
https://hackmit-2016.devpost.com/,157
https://ramhacks2016.devpost.com/,34
https://hackcmu-2016.devpost.com/,62
https://lexhack-2k16.devpost.com/,19
https://disruptsf2016.devpost.com/,144
https://vrhacknhaunt.devpost.com/,8
https://pennapps-xiv.devpost.com/,170
https://hackhealth-wics-2016.devpost.com/,10
https://fall-hackmty-2016-4121.devpost.com/,59
https://telesur-itcore-hackathon2016.devpost.com/,4
https://chimehack3.devpost.com/,23
https://codegeist2016.devpost.com/,116
https://android-summit-hackathon.devpost.com/,7
https://hackathonusp2016.devpost.com/,13
https://twd-hackathon-2016.devpost.com/,4
https://hack-the-heat-2016.devpost.com/,12
https://hackthe6.devpost.com/,27
https://24-hours-in-vr-4080.devpost.com/,12
https://aihacks.devpost.com/,27
https://sohacks3.devpost.com/,26
https://mlhprime-spring-finale-2016.devpost.com/,106
https://intelligentworld.devpost.com/,12
https://fordsmartjourney.devpost.com/,19
https://spectra.devpost.com/,27
https://unihack2016.devpost.com/,23
https://hack4diversity-2016.devpost.com/,18
https://predixtransformhack.devpost.com/,21
https://hack-gtupc.devpost.com/,23
https://isbhacks2016.devpost.com/,25
https://tm-forum-open-hack-vancouver.devpost.com/,7
https://opportunity-hack-san-jose-2016.devpost.com/,26
https://mtconnect-apps.devpost.com/,4
https://knurld.devpost.com/,18
https://horizons.devpost.com/,13
https://enghack-s16.devpost.com/,28
https://treescountdatajam.devpost.com/,21
https://causal-discovery-datathon-3582.devpost.com/,5
https://sbcberlin2016.devpost.com/,13
https://battleofthehacks3.devpost.com/,13
https://smartcitieshack3.devpost.com/,37
https://basehacks.devpost.com/,32
https://multitouch.devpost.com/,27
https://dist-trade.devpost.com/,16
https://inno-hacks-2016.devpost.com/,13
https://hunterhackfest.devpost.com/,6
https://hackhpi.devpost.com/,17
https://postbank-hackathon-cologne.devpost.com/,10
https://innovation-end-to-end-3658.devpost.com/,3
https://samhsaopioidrecoveryapp.devpost.com/,15
https://hacka10.devpost.com/,7
https://vanhackathon.devpost.com/,245
https://jamchester.devpost.com/,39
https://masseyhacks2.devpost.com/,41
https://tribehackathon.devpost.com/,14
https://whs-hack4humanity.devpost.com/,10
https://2016houstonhackathon.devpost.com/,15
https://nyppedsappchallenge.devpost.com/,15
https://innovatingeh.devpost.com/,13
https://startupucsd.devpost.com/,30
https://cutie-hack-2016-3843.devpost.com/,13
https://piastcode.devpost.com/,13
https://hackdavis.devpost.com/,51
https://hackkean.devpost.com/,12
https://disruptny2016.devpost.com/,93
https://smart-sustainable-cities.devpost.com/,7
https://ucidatahackathon.devpost.com/,17
https://javachallenge.devpost.com/,15
https://consensus2016-blockchain.devpost.com/,22
https://athack.devpost.com/,13
https://asyf16.devpost.com/,7
https://fishackathon2016.devpost.com/,127
https://trailhacks.devpost.com/,8
https://hacksherbrooke2016.devpost.com/,11
https://queenshack.devpost.com/,12
https://hackessex.devpost.com/,13
https://techfugees-melb-au-2016.devpost.com/,15
https://uncommonhacksspr16.devpost.com/,39
https://coolerhack.devpost.com/,31
https://hackdfw2016.devpost.com/,116
https://menlohacks.devpost.com/,24
https://hackru-s16.devpost.com/,101
https://hackhealth-sbu.devpost.com/,7
https://5chackathon2016s.devpost.com/,31
https://hackday2016.devpost.com/,15
https://madhacks-wacm-spring-fever.devpost.com/,18
https://hack-puebla-2016.devpost.com/,24
https://bitcamp16.devpost.com/,137
https://hackpku2016.devpost.com/,31
https://carlhacks2016.devpost.com/,34
https://auhack16.devpost.com/,17
https://derbyhacks16.devpost.com/,12
https://globalarchiactjam.devpost.com/,38
https://bein-brooklyn-challenge.devpost.com/,9
https://sudo-hackstetson2016.devpost.com/,24
https://csirosolarhackathon.devpost.com/,16
https://quantlyhackathon2016.devpost.com/,3
https://media-hackday-advertising-3541.devpost.com/,11
https://hackprincetons2016.devpost.com/,89
https://hackny-s2016.devpost.com/,59
https://mdpchallenge.devpost.com/,73
https://dandyhacks2016.devpost.com/,25
https://tribehacks2016.devpost.com/,19
https://hackcu2016.devpost.com/,34
https://hackbca3.devpost.com/,100
https://redbirdhacks16.devpost.com/,16
https://artik.devpost.com/,47
https://gunnhacks2.devpost.com/,18
https://hackgsu-2016.devpost.com/,35
https://hdobj-march-2016.devpost.com/,3
https://yelp.devpost.com/,56
https://hack-uva-16.devpost.com/,15
https://watson-dev-challenge.devpost.com/,19
https://wearhackskw.devpost.com/,15
https://trnqlsdkchallenge.devpost.com/,9
https://7hack.devpost.com/,14
https://grizzhacks.devpost.com/,32
https://robohacks.devpost.com/,15
https://hacksheffield.devpost.com/,18
https://2016baseballhackday.devpost.com/,28
https://profhacks.devpost.com/,19
https://musichackathon.devpost.com/,24
https://nhacks16.devpost.com/,38
https://starthack.devpost.com/,39
https://techforjustice-aba-techshow.devpost.com/,7
https://polyhacks.devpost.com/,23
https://brumhack4.devpost.com/,30
https://hack-the-burgh-2016.devpost.com/,21
https://studenthackiv.devpost.com/,44
https://hackumbcs16.devpost.com/,51
https://courthack2016.devpost.com/,16
https://hackamano2016.devpost.com/,21
https://mangohacks16.devpost.com/,37
https://qhacks2016.devpost.com/,42
https://lunchux.devpost.com/,44
https://nexmo-2016.devpost.com/,7
https://msoffice365.devpost.com/,41
https://hack-the-arena.devpost.com/,9
https://spartahack2016.devpost.com/,111
https://wichacks-2016.devpost.com/,24
https://hacklondon2016.devpost.com/,41
https://vthacks3.devpost.com/,54
https://hackforhumanity.devpost.com/,11
https://hacktech.devpost.com/,92
https://masseyhacks.devpost.com/,22
https://steelhacks2016.devpost.com/,49
https://hackillinois2016s.devpost.com/,216
https://inmobihackdayspring2016.devpost.com/,49
https://mhacksrefactor.devpost.com/,126
https://hackupc2016.devpost.com/,64
https://hackmty2016.devpost.com/,68
https://t9hacks.devpost.com/,17
https://warwickhack2016.devpost.com/,11
https://stacshack2.devpost.com/,26
https://femmehacks2016.devpost.com/,16
https://philly-codefest-2016.devpost.com/,32
https://hackisu-s16.devpost.com/,48
https://rocketgraph.devpost.com/,6
https://bitwisehacks-2016.devpost.com/,9
https://treehacks-2016.devpost.com/,84
https://watson.devpost.com/,22
https://makecu-2016.devpost.com/,8
https://hackbu-2016s.devpost.com/,46
https://makemit2016.devpost.com/,36
https://wwh2016.devpost.com/,35
https://idhack16.devpost.com/,21
https://hackpoly2016.devpost.com/,46
https://infusionsoft.devpost.com/,27
https://hackatbrown2016.devpost.com/,82
https://hackfsu16.devpost.com/,85
https://hacktj2016.devpost.com/,107
https://hophacks-spring-2016.devpost.com/,45
https://cogiothack.devpost.com/,13
https://devfest-2016.devpost.com/,36
https://hoyahacks.devpost.com/,60
https://hackcambridge.devpost.com/,68
https://hackucsc16.devpost.com/,94
https://losaltoshacks.devpost.com/,35
https://hacked2016.devpost.com/,16
https://cicodecamp.devpost.com/,15
https://expedia-seattle-hackathon.devpost.com/,49
https://fth2016.devpost.com/,34
https://swiss-re-hackathon-2016.devpost.com/,14
https://conuhacks.devpost.com/,62
https://swamphacks2016.devpost.com/,78
https://pennapps-xiii.devpost.com/,173
https://hackarizona2016.devpost.com/,97
https://pittapps.devpost.com/,3
https://dbc-civic-hackathon.devpost.com/,17
https://sheinnovates16.devpost.com/,7
https://hack-wpi.devpost.com/,23
https://hackrice-2016.devpost.com/,84
https://app-o-motive.devpost.com/,5
https://deltahacks2.devpost.com/,56
https://dragonhacks2016.devpost.com/,64
https://knighthacks.devpost.com/,33
https://hacknroll2016.devpost.com/,68
https://hackthe6ix.devpost.com/,25
https://pearson-student-coding-2015.devpost.com/,9
https://flir-online-hackathon-2546.devpost.com/,9
https://hacktbilisi2015.devpost.com/,45
https://trnqlchallenge.devpost.com/,23
https://uw-madison-iot-workshop.devpost.com/,8
https://hacktheholidays.devpost.com/,13
https://hacktothefutureteam.devpost.com/,10
https://disrupteu2015.devpost.com/,78
https://cignium.devpost.com/,12
https://ccn.devpost.com/,7
https://greatunihack-fall-2015.devpost.com/,28
https://rootstech2016.devpost.com/,46
https://techfugees-australia.devpost.com/,8
https://hackwestern2.devpost.com/,104
https://hackgov.devpost.com/,58
https://wildhacks2015.devpost.com/,88
https://flir-hk-challenge-nov2015.devpost.com/,20
https://hsuehshantunnel.devpost.com/,28
https://hackharvard2015.devpost.com/,74
https://hacksc2015.devpost.com/,50
https://hackprincetonf2015.devpost.com/,72
https://enghack-f15.devpost.com/,30
https://devpost-hackathon-2015.devpost.com/,10
https://bluemixathon.devpost.com/,18
https://intoithackathon2015.devpost.com/,10
https://hackduke2015.devpost.com/,89
https://destinationhack-brasil.devpost.com/,11
https://hackathon-coparmex-2015.devpost.com/,14
https://yhack2015.devpost.com/,190
https://delhack-2015.devpost.com/,7
https://inkathon.devpost.com/,20
https://hackholyoke-2015.devpost.com/,23
https://hackbajio-gamification.devpost.com/,17
https://nexmo-oct15.devpost.com/,4
https://myscript.devpost.com/,19
https://bostonhacks.devpost.com/,60
https://citrushack-2015.devpost.com/,43
https://tvnext-hack.devpost.com/,3
https://htmchallenge.devpost.com/,14
https://magnet.devpost.com/,18
https://hackingedu.devpost.com/,205
https://minnehack-2015.devpost.com/,27
https://ugahacks.devpost.com/,36
https://hacktoberfest.devpost.com/,16
https://usdaapps.devpost.com/,33
https://hackcesstojusticenc.devpost.com/,5
https://hackumass-iii.devpost.com/,69
https://def-hacks.devpost.com/,15
https://smart-cities-hack2.devpost.com/,20
https://berc-cleanweb-hack.devpost.com/,10
https://hack4piter2015.devpost.com/,13
https://hacktheblock.devpost.com/,9
https://codegeist2015.devpost.com/,115
https://dubhacks15f.devpost.com/,102
https://wearhacks-nyc.devpost.com/,22
https://boilermake2015.devpost.com/,84
https://finracdhacks.devpost.com/,14
https://jacobshack-2015.devpost.com/,34
https://hacknc.devpost.com/,76
https://aloharmobile.devpost.com/,27
https://kenthackenough15.devpost.com/,40
https://cal-hacks2.devpost.com/,176
https://connectedhome.devpost.com/,9
https://changemakers-day-hackaton.devpost.com/,6
https://terriblehack.devpost.com/,59
https://opportunity-hack-2015-arizona.devpost.com/,24
https://sdhacks.devpost.com/,77
https://vandyhacks2.devpost.com/,36
https://hackdartmouth2.devpost.com/,30
https://hackruf15.devpost.com/,71
https://include-a-thon.devpost.com/,18
https://bigdataforsandiego.devpost.com/,9
https://medhacks2015.devpost.com/,27
https://wearhacksmontreal.devpost.com/,26
https://smartbarhackathon.devpost.com/,12
https://hackcmu.devpost.com/,31
https://sonymusicrockcode.devpost.com/,15
https://codeone-omaha-2893.devpost.com/,14
https://sbcberlinhack15.devpost.com/,12
https://nistdata.devpost.com/,25
https://hackny-f2015.devpost.com/,44
https://aec-technology-hackathon-2015.devpost.com/,4
https://opportunity-hack-2015-san-jose.devpost.com/,28
https://disruptsf2015.devpost.com/,166
https://techweek-kansas-city-hackathon.devpost.com/,7
https://hackthenorth2015.devpost.com/,236
https://hack-isu-2015.devpost.com/,56
https://hackpr2015.devpost.com/,32
https://baltimore-hackathon.devpost.com/,28
https://bigredhacks2015.devpost.com/,69
https://lexhack-2k15.devpost.com/,16
https://hackagong2015.devpost.com/,49
https://hackmyride2.devpost.com/,12
https://ramhacks.devpost.com/,15
https://mhacks6.devpost.com/,276
https://esri-icma2015.devpost.com/,9
https://wecancode-ensenada-2015.devpost.com/,13
https://hophacksfall2015.devpost.com/,36
https://saopaulo-global.devpost.com/,12
https://pennappsxii.devpost.com/,306
https://contextio.devpost.com/,55
https://send-anywhere.devpost.com/,18
https://waterenergy.devpost.com/,13
https://htp-s2015.devpost.com/,131
https://outboxdemoday.devpost.com/,29
https://sohacks2.devpost.com/,39
https://techretreat.devpost.com/,27
https://unihack2015.devpost.com/,23
https://nexmo-july15.devpost.com/,7
https://dchacks.devpost.com/,50
https://wecode.devpost.com/,12
https://sjiot.devpost.com/,24
https://sjapi.devpost.com/,13
https://flir-london-challenge.devpost.com/,13
https://audioandmusichackathonlondon.devpost.com/,13
https://innovatenyp-challenge2015.devpost.com/,31
https://splunkapptitude2.devpost.com/,24
https://empowhermentqualcomm.devpost.com/,24
https://hudsonhack.devpost.com/,20
https://chimehack2.devpost.com/,48
https://hackecpat.devpost.com/,10
https://sjfinancial.devpost.com/,12
https://nexmo-june15.devpost.com/,7
https://healthandwellness.devpost.com/,17
https://hackthevisual.devpost.com/,13
https://sense360-hackathon.devpost.com/,7
https://sjselfie.devpost.com/,18
https://battleofthehacksv20.devpost.com/,12
https://flir-sanfran-challenge.devpost.com/,19
https://hackwiththebest.devpost.com/,19
https://hackbaroda.devpost.com/,22
https://hackbajio.devpost.com/,12
https://fishackathon2015.devpost.com/,40
https://cifordham.devpost.com/,10
https://rebootthecommutehawaii.devpost.com/,10
https://inmobihackdaysummer2015.devpost.com/,54
https://houstonhackathon2015.devpost.com/,29
https://hacktj2015.devpost.com/,56
https://sportsillustratedhackathon.devpost.com/,5
https://ibmwatsonhackathon.devpost.com/,35
https://gighacks-sf.devpost.com/,9
https://videohackday.devpost.com/,23
https://disruptnyc2015.devpost.com/,104
https://stemhacks2015.devpost.com/,16
https://carlhacks.devpost.com/,18
https://hackoverflow.devpost.com/,12
https://guh.devpost.com/,40
https://nyuability.devpost.com/,15
https://sfuncubesolarhackathon2015.devpost.com/,14
https://cutiehack.devpost.com/,16
https://iot-mobile.devpost.com/,13
https://buzzfeedhack2015.devpost.com/,7
https://brickhack.devpost.com/,55
https://wands.devpost.com/,13
https://hackysu2015.devpost.com/,11
https://bitcamp15.devpost.com/,160
https://mlhlanding.devpost.com/,27
https://5chackathon2015s.devpost.com/,47
https://hackumass-ii.devpost.com/,42
https://hackprincetons2015.devpost.com/,62
https://hackisu-2015.devpost.com/,44
https://hackdartmouth2015.devpost.com/,27
https://lahacks2015.devpost.com/,180
https://hackdee-2015.devpost.com/,10
https://spartahack.devpost.com/,38
https://kpapps.devpost.com/,39
https://hacknyu2015.devpost.com/,23
https://trnql.devpost.com/,3
https://mexicocity-mobility.devpost.com/,23
https://gbif2.devpost.com/,6
https://uhack2016.devpost.com/,19
https://chrome.devpost.com/,17
https://hackbca2015.devpost.com/,69
https://codered.devpost.com/,36
https://mxhacks-2015.devpost.com/,8
https://thackseattle2015.devpost.com/,9
https://hackcu.devpost.com/,25
https://hackgenyja.devpost.com/,7
https://cleanwebbos15.devpost.com/,15
https://sjmaps.devpost.com/,16
https://redbirdhacks.devpost.com/,15
https://a4s2015.devpost.com/,13
https://thack-dublin-travel-hackathon.devpost.com/,9
https://hacksherbrooke2015.devpost.com/,13
https://ecomhack2015.devpost.com/,11
https://nexmo-ecom.devpost.com/,4
https://globalarchiactjam2016.devpost.com/,12
https://solidhack201505.devpost.com/,3
https://iosb-2015.devpost.com/,12
https://tmforumhackathonsmartcity.devpost.com/,5
https://hack2040-nyc.devpost.com/,9
https://prom-nov15.devpost.com/,4
https://lexhacks.devpost.com/,13
https://sjopendata.devpost.com/,9
https://saopaulo-national.devpost.com/,7
https://hackuc.devpost.com/,25
https://hackstartatl-summer2015.devpost.com/,7
https://hacktsu.devpost.com/,19
https://sjconnect.devpost.com/,11
https://vrhackathonny.devpost.com/,8
https://ambitious-apps.devpost.com/,2
https://sjbionic.devpost.com/,2
https://opioidoverdoseprevention.devpost.com/,15
https://offenderreintigrationtoolkit.devpost.com/,9
https://invisible-hackathon.devpost.com/,9
https://openbuild.devpost.com/,15
https://logrhythm.devpost.com/,5
https://tunahack-2015.devpost.com/,7
https://spiceworks.devpost.com/,6
https://kpcbfellowschallenge.devpost.com/,3
https://thack-sao-paulo-travel-hack.devpost.com/,8
https://levelup1.devpost.com/,3
https://wuhack2015.devpost.com/,30
https://levelup2.devpost.com/,2
https://sharkhack.devpost.com/,10
https://hackyourtravel.devpost.com/,19
https://mxhacks-iii.devpost.com/,39
https://nexmo-pubnub.devpost.com/,6
https://trnqlcontext.devpost.com/,13
https://cilocalhackday.devpost.com/,12
https://sts-hack.devpost.com/,2
https://sasehack2015.devpost.com/,3
https://hackfestforambari.devpost.com/,6
https://hackwme.devpost.com/,12
https://aghacks2015.devpost.com/,65
https://devintersection-eu2015.devpost.com/,2
https://hackcolima.devpost.com/,7
https://techweek-nyc-hackathon.devpost.com/,3
https://angularconnect2015.devpost.com/,3
https://datafordiplomas.devpost.com/,14
https://whispir.devpost.com/,8
https://ecomhack-berlin.devpost.com/,7
https://virtuafest.devpost.com/,11
https://codethedealla.devpost.com/,5
https://ssjhackathon.devpost.com/,8
https://wearhacksla.devpost.com/,9
https://mobihack.devpost.com/,9
https://unituhack-london.devpost.com/,6
https://codestellation-fall2015.devpost.com/,17
https://techweek-los-angeles-hackathon.devpost.com/,4
https://hack2040miami.devpost.com/,5
https://espc15.devpost.com/,8
https://oshhack2015.devpost.com/,4
https://nexmo-2015.devpost.com/,6
https://hacknotts.devpost.com/,26
https://test-3473.devpost.com/,1
https://floodhack.devpost.com/,5
https://sparkathon.devpost.com/,14
https://wallifornia-musictech-2018.devpost.com/,8
https://purdue-computing-showcase-2016.devpost.com/,8
https://hackysu2016.devpost.com/,14
https://corehacks-2016s.devpost.com/,5
https://communityhack.devpost.com/,6
https://ritios2016.devpost.com/,25
https://stirhack.devpost.com/,9
https://soton-hack.devpost.com/,7
https://hackfrost.devpost.com/,4
https://waterassets.devpost.com/,4
https://snowhacks.devpost.com/,2
https://whack.devpost.com/,16
https://midas-publichealth-hack-3336.devpost.com/,6
https://bizhacks.devpost.com/,6
https://staten-i-bus-hackathon.devpost.com/,15
https://adc2016.devpost.com/,6
https://nyppedsappathon.devpost.com/,14
https://pi-2016.devpost.com/,13
https://cucc.devpost.com/,6
https://iotmdm2016.devpost.com/,8
https://hawkathon.devpost.com/,18
https://heycuba.devpost.com/,2
https://build-2016-hackathon.devpost.com/,17
https://hackutd16.devpost.com/,31
https://cicodecampmicrosoft.devpost.com/,12
https://floodhack-2016.devpost.com/,5
https://food-hacks.devpost.com/,17
https://huskyhacks.devpost.com/,16
https://auhacktest-3709.devpost.com/,3
https://yackathon16.devpost.com/,15
https://floridatechhacks2016.devpost.com/,31
https://hackriddle-3655.devpost.com/,9
https://edtech-asia-hackathon.devpost.com/,13
https://hackemory.devpost.com/,9
https://2016-hacking-healthtech-uon.devpost.com/,3
https://idahoedchallenge.devpost.com/,5
https://hack-over-passover.devpost.com/,5
https://revolutionuc-iv.devpost.com/,22
https://connected-car.devpost.com/,3
https://hackmerced.devpost.com/,16
https://a4s2016.devpost.com/,7
https://hacksussex2016.devpost.com/,14
https://mdphackathon.devpost.com/,10
https://tvcog-arvr-gaming2016.devpost.com/,8
https://test1-5421.devpost.com/,4
https://hackagong-bega-2016.devpost.com/,6
https://nexmo-march16.devpost.com/,7
https://hackupp.devpost.com/,6
https://hack-k-state.devpost.com/,14
https://virtual-reality-hackathon-3831.devpost.com/,8
https://video-hack-day-2-3769.devpost.com/,9
https://suncode.devpost.com/,17
https://atomhacks-s2016.devpost.com/,29
https://cpahackathon.devpost.com/,5
https://iosb16.devpost.com/,5
https://terriblehack-vhs-3943.devpost.com/,3
https://docker112.devpost.com/,5
https://apachespark.devpost.com/,24
https://wehacktoo.devpost.com/,16
https://shop-com-unleash.devpost.com/,5
https://venturehacks.devpost.com/,7
https://cooper-summer-stem-2016-4061.devpost.com/,4
https://openpower.devpost.com/,7
https://neurahack.devpost.com/,11
https://hack4equality2016-onlineonly.devpost.com/,2
https://hack4equality2016-livedemo.devpost.com/,4
https://hack-for-the-sea-2016.devpost.com/,2
https://watsonvr.devpost.com/,5
https://hypehacks.devpost.com/,2
https://cryptophoto.devpost.com/,5
https://gbif2016.devpost.com/,16
https://uwphacks-4200.devpost.com/,11
https://stamford-hackathon-3-0.devpost.com/,7
https://hack-game-engagement.devpost.com/,2
https://pivotpoint16.devpost.com/,10
https://scsharkhack2016.devpost.com/,11
https://industrial-internet-hack.devpost.com/,6
https://sasehack2016.devpost.com/,7
https://hackbrucecafeteria.devpost.com/,1
https://venturehacks-2016-freshman.devpost.com/,7
https://hackthehill.devpost.com/,8
https://ugahacks-ii.devpost.com/,24
https://hacked-fall-2016.devpost.com/,9
https://techfugees-au-young-people.devpost.com/,7
https://mindsandmachineshack.devpost.com/,18
https://arborhacks.devpost.com/,10
https://indiasolarhackathon.devpost.com/,10
https://new-london-hackathon.devpost.com/,4
https://brave-new-hacks.devpost.com/,7
https://robots.devpost.com/,9
https://arhacks.devpost.com/,11
https://gmu-lhd16.devpost.com/,10
https://lehighhacks-f16.devpost.com/,17
https://hacknycfostercare.devpost.com/,6
https://local-hack-day-monterey-bay.devpost.com/,9
https://hackeastern.devpost.com/,7
https://eny.devpost.com/,6
https://testanthonysymkowick-4515.devpost.com/,1
https://hackroboy.devpost.com/,7
https://hackday2017.devpost.com/,5
https://innovationweekend2017.devpost.com/,12
https://ideation-hacktoteach.devpost.com/,9
https://pixelhacks.devpost.com/,7
https://durhack.devpost.com/,9
https://gifhack.devpost.com/,10
https://showohio.devpost.com/,1
https://devfest-2017.devpost.com/,33
https://apptecontodos.devpost.com/,5
https://tumcsc.devpost.com/,3
https://gedigital-ghosthack-cincy.devpost.com/,12
https://shehacks.devpost.com/,11
https://gedigital-ghosthack-atl.devpost.com/,12
https://whack17.devpost.com/,13
https://tm-forum-open-hack-lisbon.devpost.com/,8
https://cambrianhacks.devpost.com/,1
https://openrecordsuxvirtual.devpost.com/,7
https://madhacks-2017.devpost.com/,59
https://femhacks.devpost.com/,12
https://hackpotsdam-spring2017.devpost.com/,10
https://hackridge.devpost.com/,14
https://abilties-hackathon-4890.devpost.com/,8
https://uberhacks-2017.devpost.com/,9
https://showtest-4879.devpost.com/,1
https://tech-for-justice-veterans.devpost.com/,7
https://gebeya-hackathon-iot-crypto.devpost.com/,9
https://adc2017.devpost.com/,4
https://palyhacks.devpost.com/,12
https://trojanhacks-spring-2017.devpost.com/,17
https://polyhacks-2017.devpost.com/,34
https://wisehacks.devpost.com/,6
https://masseyhacks3.devpost.com/,31
https://hackstetson.devpost.com/,13
https://hackflyers.devpost.com/,3
https://basehacks2017.devpost.com/,9
https://jamhacks.devpost.com/,22
https://philamuseumhackathon.devpost.com/,11
https://vrarchaeology.devpost.com/,6
https://hackfresno.devpost.com/,11
https://hacktgm.devpost.com/,7
https://ohacksii.devpost.com/,5
https://realityhacks.devpost.com/,6
https://hackhouston2017.devpost.com/,10
https://hackdrew.devpost.com/,9
https://hackroboy2.devpost.com/,6
https://hackmed2017.devpost.com/,8
https://delivery-of-things.devpost.com/,6
https://hackschs.devpost.com/,2
https://docusign2017.devpost.com/,10
https://ccd-datathon-17.devpost.com/,9
https://biola-hacks.devpost.com/,4
https://cutiehack2017.devpost.com/,24
https://open-hack-nice-france-2017.devpost.com/,11
https://vikehacks.devpost.com/,10
https://sbc-dh-2017.devpost.com/,15
https://bots-for-good.devpost.com/,4
https://techfugees-adelaide-4948.devpost.com/,6
https://nycwebvr-hackathon2.devpost.com/,4
https://bytehacks2017.devpost.com/,31
https://battleofthehacks4.devpost.com/,13
https://lakemachack.devpost.com/,3
https://wallifornia-musictech.devpost.com/,6
https://detroitindustrialhack.devpost.com/,6
https://dist-trade-2017.devpost.com/,16
https://expeditionhacks-austin.devpost.com/,8
https://unihack2017mel.devpost.com/,22
https://xdhax2017.devpost.com/,35
https://unihack2017syd.devpost.com/,15
https://hack-the-heat-2.devpost.com/,10
https://hackathonusp2017.devpost.com/,13
https://hondu-hack.devpost.com/,7
https://hackathon-moe-1.devpost.com/,6
https://hackcortona-ii.devpost.com/,7
https://hacc17.devpost.com/,23
https://poh.devpost.com/,7
https://iothackday2017.devpost.com/,22
https://healthtech-solvathon.devpost.com/,7
https://beyondaec.devpost.com/,8
https://boilermake-v.devpost.com/,37
https://lexhack-2017.devpost.com/,19
https://tokyoblockshackathon.devpost.com/,10
https://awsiot.devpost.com/,44
https://betterwithpetshack.devpost.com/,15
https://intuition17.devpost.com/,45
https://skyhack1.devpost.com/,29
https://foglight-hackathon.devpost.com/,6
https://hackroboy3.devpost.com/,6
https://opportunity-hack-san-jose-2017.devpost.com/,9
https://hackedcmu.devpost.com/,9
https://alzheimergamejam.devpost.com/,5
https://aectechhack2017.devpost.com/,4
https://inventyu2017.devpost.com/,13
https://ringcentralhackathon.devpost.com/,5
https://mmsf17.devpost.com/,16
https://nsber3hackathon.devpost.com/,8
https://brave-new-hacks-2017.devpost.com/,12
https://hacksussex2017.devpost.com/,14
https://hackriverdell2017.devpost.com/,19
https://hackkings-4-0.devpost.com/,23
https://smartcities.devpost.com/,11
https://lborotechsoc.devpost.com/,5
https://cardinalcon17.devpost.com/,9
https://rowanlocalhackday2017.devpost.com/,4
https://lhdfsu.devpost.com/,4
https://tynlhd.devpost.com/,12
https://hackphs.devpost.com/,3
https://m-s-t-local-hack-day-2017.devpost.com/,5
https://titanhacks1.devpost.com/,7
https://durhack2017.devpost.com/,12
https://ciphersnowday.devpost.com/,13
https://iothon.devpost.com/,7
https://camppolyhacks2018.devpost.com/,11
https://test-hack-6086.devpost.com/,1
https://hacking-hotel-experience.devpost.com/,6
https://ai-for-social-good-hackathon.devpost.com/,15
https://derbyhacks3.devpost.com/,25
https://ugahacks3.devpost.com/,26
https://mountain-madness.devpost.com/,13
https://fit-x-hacks-2018.devpost.com/,4
https://appian2018.devpost.com/,21
https://iot-challenge-2018.devpost.com/,4
https://humanity.devpost.com/,3
https://hackify.devpost.com/,5
https://hacklahoma18.devpost.com/,47
https://hackmed18.devpost.com/,14
https://auteuristwebvr.devpost.com/,3
https://mcwics.devpost.com/,6
https://ihack-ruhr.devpost.com/,5
https://sharkhack2018.devpost.com/,6
https://wireless-club-hackathon.devpost.com/,5
https://sisterhacks.devpost.com/,2
https://bisonhacks2018.devpost.com/,12
https://hack-night-for-humanity-6329.devpost.com/,5
https://arweave-hackathon.devpost.com/,11
https://hacksb-18.devpost.com/,23
https://md5hack-apr18.devpost.com/,15
https://hackkean4.devpost.com/,5
https://rowdyhacks18.devpost.com/,18
https://hacc4edu.devpost.com/,6
https://cmu-edtech-ideathon.devpost.com/,1
https://hackthepack2018.devpost.com/,2
https://bigearthhacks.devpost.com/,13
https://healthhacks-2018.devpost.com/,8
https://bqgirlhacks.devpost.com/,9
https://trojanhacks-strikes-back.devpost.com/,8
https://hacktheheights2.devpost.com/,12
https://hack-iot-reading-6188.devpost.com/,14
https://idt-unchained-hackathon-6199.devpost.com/,5
https://hackku2018.devpost.com/,9
https://hacklyon2018.devpost.com/,7
https://hacktheozarks.devpost.com/,6
https://humanitarian-hackathon.devpost.com/,5
https://hackital-ethereum-2018-6527.devpost.com/,14
https://smarter-roads-hackathon-vb.devpost.com/,7
https://jamhacks2.devpost.com/,29
https://latvia-vr-ar-hack-2018.devpost.com/,3
https://hack-the-south-uk.devpost.com/,7
https://uon-i2n-aged-care-hack.devpost.com/,7
https://blockhackde.devpost.com/,3
https://ethmemphis-5951.devpost.com/,6
https://blairhacks-1.devpost.com/,6
https://mesahacks.devpost.com/,10
https://makespp.devpost.com/,24
https://hackhpi2018.devpost.com/,16
https://hackapalooza-efacademy.devpost.com/,5
https://iot-week2018.devpost.com/,4
https://harkerhacks.devpost.com/,16
https://vr-hackathon-poznan.devpost.com/,5
https://causal-discovery-datathon-18.devpost.com/,5
https://beaverhacks-summer-18.devpost.com/,7
https://terriblehack-xi.devpost.com/,11
https://agoraio.devpost.com/,15
https://internhackatx-homeaway-2018.devpost.com/,8
https://niftyhacks.devpost.com/,11
https://weekend-of-innovation-6712.devpost.com/,15
https://smarterroads-hackathon-nova.devpost.com/,6
https://hacking-democracy-2018.devpost.com/,5
https://acumosaichallenge.devpost.com/,3
https://humanityhacks.devpost.com/,5
https://smarterroads-hackathon-roanoke.devpost.com/,3
https://aaa-6981.devpost.com/,1
https://opportunity-hack-san-jose-2018.devpost.com/,18
https://madblockconference.devpost.com/,7
https://a-hack-of-the-drones.devpost.com/,14
https://implementai2018.devpost.com/,20
https://smartcarhackbright.devpost.com/,6
https://hakron3000.devpost.com/,31
https://wiehack.devpost.com/,21
https://hack-upstate-xii.devpost.com/,12
https://smarterroads-hackathon-fxbg.devpost.com/,6
https://cuhackit-helloworld-7143.devpost.com/,8
https://trojanhacks-fall-2018.devpost.com/,15
https://terrible-hack-xii.devpost.com/,1
https://iothack.devpost.com/,6
https://hackadon.devpost.com/,16
https://tokyo-blocks-hackathon-2018.devpost.com/,6
https://demonhacks19.devpost.com/,37
https://hackaton-yeg.devpost.com/,2
https://btnghackathon.devpost.com/,9
https://bchdevconnl.devpost.com/,14
https://tlabhacks.devpost.com/,7
https://hackroboy5.devpost.com/,6
https://hack-for-puerto-rico.devpost.com/,4
https://stupid-hackathon.devpost.com/,3
https://hacc2018.devpost.com/,20
https://urban-iot-hack.devpost.com/,4
https://bc-hacks.devpost.com/,5
https://daugherty-hackathon-2018.devpost.com/,5
https://hackcincy18.devpost.com/,15
https://init-by-slo-hacks.devpost.com/,10
https://abbey-road-hackathon-2018.devpost.com/,7
https://phase.devpost.com/,12
https://ieee-app-a-thon.devpost.com/,3
https://proofofhack18.devpost.com/,5
https://capitolmke.devpost.com/,5
https://zothacks2018.devpost.com/,11
https://ocp-agri-challenge.devpost.com/,8
https://tmohacksgiving2018.devpost.com/,17
https://autonmshck.devpost.com/,5
https://ua-acm-local-hack-day-ii.devpost.com/,14
https://gitsd-hacking-for-humanity-18.devpost.com/,7
https://blairhacks-2.devpost.com/,10
https://ithaca.devpost.com/,2
https://putnam-hackathon.devpost.com/,9
https://urbanhacks.devpost.com/,22
https://quipu-blockchain-hackathon.devpost.com/,5
https://osuwinter18.devpost.com/,15
https://tlabshackberlin.devpost.com/,13
https://wecode2018.devpost.com/,18
https://bfo-hackathon.devpost.com/,7
https://hard-hack-2019.devpost.com/,20
https://lunarhacks.devpost.com/,7
https://mtahacks2019.devpost.com/,2
https://hoyahacks-2019.devpost.com/,44
https://deepcloudai-hackathon.devpost.com/,3
https://graphsecurityhack.devpost.com/,7
https://femmehacks-2019.devpost.com/,27
https://hacksurreymk2.devpost.com/,17
https://mesg-hackathon.devpost.com/,10
https://addihacks-long-beach.devpost.com/,3
https://hackhers-2019.devpost.com/,26
https://seafood-trackathon.devpost.com/,6
https://escapefromnewyork.devpost.com/,21
https://warwickhack19.devpost.com/,7
https://winter-wonderhack-2019.devpost.com/,28
https://hacktcnj-2019.devpost.com/,31
https://uiowa-hsh.devpost.com/,6
https://wakeup4wacode.devpost.com/,5
https://sisterhacks-2019.devpost.com/,9
https://miltonhacks1.devpost.com/,3
https://pantherhack.devpost.com/,8
https://t-mobilenbiot19.devpost.com/,20
https://cyhacks.devpost.com/,11
https://diamondhacks.devpost.com/,10
https://ieee-r1-stucon19.devpost.com/,2
https://fossasia-hackathon.devpost.com/,15
https://usc-2019-hack-iot.devpost.com/,6
https://cardinalcon19.devpost.com/,11
https://hackberry-pi-2019.devpost.com/,13
https://hopperhacks.devpost.com/,19
https://siena-college-saintshack-2019.devpost.com/,5
https://dragon-hacks-spring-2019.devpost.com/,9
https://codenorms.devpost.com/,1
https://ignite-scale-san-diego-2019.devpost.com/,15
https://technight.devpost.com/,11
https://hackfalls.devpost.com/,4
https://egypt2030hackathon.devpost.com/,18
https://hackoverflow-2019.devpost.com/,7
https://cybros.devpost.com/,7
https://ridgehacks.devpost.com/,11
https://hackacm19.devpost.com/,9
https://superposition3.devpost.com/,11
https://herothon.devpost.com/,3
https://launchhacks2019.devpost.com/,19
https://hackroboy6.devpost.com/,8
https://consensus2019-blockchain.devpost.com/,19
https://buidl-boston.devpost.com/,9
https://2019techch.devpost.com/,8
https://hacknlp.devpost.com/,2
https://suncode2019.devpost.com/,19
https://hackaburg19.devpost.com/,31
https://new-futures-hackathon-dr.devpost.com/,8
https://montyhacks-iii.devpost.com/,14
https://versionalpha19.devpost.com/,8
https://aws-hackathon-for-good-2019.devpost.com/,11
https://ai4good-montreal.devpost.com/,12
https://nbc.devpost.com/,16
https://stuyhacks-viii.devpost.com/,16
https://tlabshack.devpost.com/,7
https://daugherty-hackathon-2019.devpost.com/,5
https://capitolbosedetroit.devpost.com/,5
https://blockchain-identidad-digital.devpost.com/,6
https://osuhackathon-summer2019.devpost.com/,8
https://wmt-2019-hackathon.devpost.com/,8
https://flying-circuit.devpost.com/,6
https://justiceinnovationchallenge.devpost.com/,13
https://ht6-intact-datathon-2019.devpost.com/,5
https://hackcincinnati.devpost.com/,24
https://firedrone.devpost.com/,9
https://kthackint2019.devpost.com/,6
https://consensys-grants-hackathon-to.devpost.com/,6
https://mcit-hackathon-summer2019.devpost.com/,2
https://innovateafitc2019.devpost.com/,11
https://ideahackathon.devpost.com/,9
https://derbyhacks4.devpost.com/,17
https://h2hacks.devpost.com/,14
https://nsin-into-the-dataverse.devpost.com/,11
https://redhat.devpost.com/,11
https://grizzhacks4.devpost.com/,46
https://solutions-x.devpost.com/,16
https://ideahack.devpost.com/,13
https://apiworld19.devpost.com/,18
https://hack-upstate-xiv.devpost.com/,17
https://paypal-hack-chicago.devpost.com/,18
https://test-8783.devpost.com/,1
https://cologne-trackathon.devpost.com/,4
https://hacc2019.devpost.com/,22
https://hackregina-fall-2019-hackathon.devpost.com/,5
https://bali-trackathon.devpost.com/,6
https://climathonhouston2019.devpost.com/,4
https://crea-por-puerto-rico-makeathon.devpost.com/,9
https://jacobshack19.devpost.com/,20
https://wichacks-ii-at-suny-oswego.devpost.com/,2
https://hackstuff.devpost.com/,1
https://gitsd-hacking-for-humanity-19.devpost.com/,8
https://devfest-at-stan-state.devpost.com/,5
https://mt-hacks-fall-2019.devpost.com/,3
https://gsk2020-int-hackathon.devpost.com/,6
https://citython.devpost.com/,7
https://finhacks.devpost.com/,9
https://dev4change.devpost.com/,19
https://hackadon-2019.devpost.com/,11
https://sko2020-americas-hackathon.devpost.com/,6
https://newmarket-hack-day.devpost.com/,6
https://fraserhacks-2019.devpost.com/,29
https://facebook-dev-c-london.devpost.com/,17
https://ing-local-hack-day.devpost.com/,10
https://youthhax2019.devpost.com/,3
https://hack-the-map-4.devpost.com/,6
https://htny.devpost.com/,8
https://cy-hacks.devpost.com/,6
https://hackdoomna-2020.devpost.com/,18
https://dss-2020-hackathon.devpost.com/,2
https://peabodyhacks.devpost.com/,5
